"Error in '102_Dot_Probe_Block1': The node 'Diff_P78_NA' is skipped, because the node is only based on 64 Segments, "
at least 999 are required for processing.
"Error in '102_Dot_Probe_Block1': The node 'Diff_P78_AN' is skipped, because the node is only based on 64 Segments, "
at least 999 are required for processing.
"Error in '103_Dot_Probe_Block1': The node 'Diff_P78_NA' is skipped, because the node is only based on 62 Segments, "
at least 999 are required for processing.
"Error in '103_Dot_Probe_Block1': The node 'Diff_P78_AN' is skipped, because the node is only based on 58 Segments, "
at least 999 are required for processing.
E R R O R in '104_Dot_Probe_Block1': data set 'Diff_P78_NA' not found.
E R R O R in '104_Dot_Probe_Block1': data set 'Diff_P78_AN' not found.
"Error in '105_Dot_Probe_Block1': The node 'Diff_P78_NA' is skipped, because the node is only based on 58 Segments, "
at least 999 are required for processing.
"Error in '105_Dot_Probe_Block1': The node 'Diff_P78_AN' is skipped, because the node is only based on 68 Segments, "
at least 999 are required for processing.
"Error in '106_Dot_Probe_Block1': The node 'Diff_P78_NA' is skipped, because the node is only based on 67 Segments, "
at least 999 are required for processing.
"Error in '106_Dot_Probe_Block1': The node 'Diff_P78_AN' is skipped, because the node is only based on 73 Segments, "
at least 999 are required for processing.
"Error in '107_Dot_Probe_Block1': The node 'Diff_P78_NA' is skipped, because the node is only based on 101 Segments, "
at least 999 are required for processing.
"Error in '107_Dot_Probe_Block1': The node 'Diff_P78_AN' is skipped, because the node is only based on 98 Segments, "
at least 999 are required for processing.
"Error in '108_Dot_Probe_Block1': The node 'Diff_P78_NA' is skipped, because the node is only based on 80 Segments, "
at least 999 are required for processing.
"Error in '108_Dot_Probe_Block1': The node 'Diff_P78_AN' is skipped, because the node is only based on 80 Segments, "
at least 999 are required for processing.
"Error in '109_Dot_Probe_Block1': The node 'Diff_P78_NA' is skipped, because the node is only based on 56 Segments, "
at least 999 are required for processing.
"Error in '109_Dot_Probe_Block1': The node 'Diff_P78_AN' is skipped, because the node is only based on 52 Segments, "
at least 999 are required for processing.
"Error in '110_Dot_Probe_Block1': The node 'Diff_P78_NA' is skipped, because the node is only based on 47 Segments, "
at least 999 are required for processing.
"Error in '110_Dot_Probe_Block1': The node 'Diff_P78_AN' is skipped, because the node is only based on 38 Segments, "
at least 999 are required for processing.
E R R O R in '111_Dot_Probe_Block1': data set 'Diff_P78_NA' not found.
E R R O R in '111_Dot_Probe_Block1': data set 'Diff_P78_AN' not found.
"Error in '112_Dot_Probe_Block1': The node 'Diff_P78_NA' is skipped, because the node is only based on 76 Segments, "
at least 999 are required for processing.
"Error in '112_Dot_Probe_Block1': The node 'Diff_P78_AN' is skipped, because the node is only based on 74 Segments, "
at least 999 are required for processing.
"Error in '113_Dot_Probe_Block1': The node 'Diff_P78_NA' is skipped, because the node is only based on 44 Segments, "
at least 999 are required for processing.
"Error in '113_Dot_Probe_Block1': The node 'Diff_P78_AN' is skipped, because the node is only based on 48 Segments, "
at least 999 are required for processing.
"Error in '114_Dot_Probe_Block1': The node 'Diff_P78_NA' is skipped, because the node is only based on 79 Segments, "
at least 999 are required for processing.
"Error in '114_Dot_Probe_Block1': The node 'Diff_P78_AN' is skipped, because the node is only based on 78 Segments, "
at least 999 are required for processing.
"Error in '116_Dot_Probe_Block1': The node 'Diff_P78_NA' is skipped, because the node is only based on 69 Segments, "
at least 999 are required for processing.
"Error in '116_Dot_Probe_Block1': The node 'Diff_P78_AN' is skipped, because the node is only based on 72 Segments, "
at least 999 are required for processing.
E R R O R in '117_Dot_Probe_Block1': data set 'Diff_P78_NA' not found.
E R R O R in '117_Dot_Probe_Block1': data set 'Diff_P78_AN' not found.
"Error in '119_Dot_Probe_Block1': The node 'Diff_P78_NA' is skipped, because the node is only based on 32 Segments, "
at least 999 are required for processing.
"Error in '119_Dot_Probe_Block1': The node 'Diff_P78_AN' is skipped, because the node is only based on 36 Segments, "
at least 999 are required for processing.
E R R O R in '120_Dot_Probe_Block1': data set 'Diff_P78_NA' not found.
E R R O R in '120_Dot_Probe_Block1': data set 'Diff_P78_AN' not found.
"Error in '121_Dot_Probe_Block1': The node 'Diff_P78_NA' is skipped, because the node is only based on 76 Segments, "
at least 999 are required for processing.
"Error in '121_Dot_Probe_Block1': The node 'Diff_P78_AN' is skipped, because the node is only based on 75 Segments, "
at least 999 are required for processing.
"Error in '123_Dot_Probe_Block1': The node 'Diff_P78_NA' is skipped, because the node is only based on 76 Segments, "
at least 999 are required for processing.
"Error in '123_Dot_Probe_Block1': The node 'Diff_P78_AN' is skipped, because the node is only based on 77 Segments, "
at least 999 are required for processing.
"Error in '124_Dot_Probe_Block1': The node 'Diff_P78_NA' is skipped, because the node is only based on 7 Segments, "
at least 999 are required for processing.
"Error in '124_Dot_Probe_Block1': The node 'Diff_P78_AN' is skipped, because the node is only based on 7 Segments, "
at least 999 are required for processing.
"Error in '125_Dot_Probe_Block1': The node 'Diff_P78_NA' is skipped, because the node is only based on 68 Segments, "
at least 999 are required for processing.
"Error in '125_Dot_Probe_Block1': The node 'Diff_P78_AN' is skipped, because the node is only based on 66 Segments, "
at least 999 are required for processing.
"Error in '126_Dot_Probe_Block1': The node 'Diff_P78_NA' is skipped, because the node is only based on 1 Segments, "
at least 999 are required for processing.
"Error in '126_Dot_Probe_Block1': The node 'Diff_P78_AN' is skipped, because the node is only based on 2 Segments, "
at least 999 are required for processing.
"Error in '127_Dot_Probe_Block1': The node 'Diff_P78_NA' is skipped, because the node is only based on 40 Segments, "
at least 999 are required for processing.
"Error in '127_Dot_Probe_Block1': The node 'Diff_P78_AN' is skipped, because the node is only based on 42 Segments, "
at least 999 are required for processing.
"Error in '128_Dot_Probe_Block1': The node 'Diff_P78_NA' is skipped, because the node is only based on 16 Segments, "
at least 999 are required for processing.
"Error in '128_Dot_Probe_Block1': The node 'Diff_P78_AN' is skipped, because the node is only based on 10 Segments, "
at least 999 are required for processing.
"Error in '129_Dot_Probe_Block1': The node 'Diff_P78_NA' is skipped, because the node is only based on 36 Segments, "
at least 999 are required for processing.
"Error in '129_Dot_Probe_Block1': The node 'Diff_P78_AN' is skipped, because the node is only based on 33 Segments, "
at least 999 are required for processing.
"Error in '130_Dot_Probe_Block1': The node 'Diff_P78_NA' is skipped, because the node is only based on 46 Segments, "
at least 999 are required for processing.
"Error in '130_Dot_Probe_Block1': The node 'Diff_P78_AN' is skipped, because the node is only based on 46 Segments, "
at least 999 are required for processing.
E R R O R in '132_Dot_Probe_Block1': data set 'Diff_P78_NA' not found.
E R R O R in '132_Dot_Probe_Block1': data set 'Diff_P78_AN' not found.
"Error in '133_Dot_Probe_Block1': The node 'Diff_P78_NA' is skipped, because the node is only based on 75 Segments, "
at least 999 are required for processing.
"Error in '133_Dot_Probe_Block1': The node 'Diff_P78_AN' is skipped, because the node is only based on 71 Segments, "
at least 999 are required for processing.
"Error in '134_Dot_Probe_Block1': The node 'Diff_P78_NA' is skipped, because the node is only based on 46 Segments, "
at least 999 are required for processing.
"Error in '134_Dot_Probe_Block1': The node 'Diff_P78_AN' is skipped, because the node is only based on 47 Segments, "
at least 999 are required for processing.
"Error in '135_Dot_Probe_Block1': The node 'Diff_P78_NA' is skipped, because the node is only based on 35 Segments, "
at least 999 are required for processing.
"Error in '135_Dot_Probe_Block1': The node 'Diff_P78_AN' is skipped, because the node is only based on 35 Segments, "
at least 999 are required for processing.
"Error in '136_Dot_Probe_Block1': The node 'Diff_P78_NA' is skipped, because the node is only based on 60 Segments, "
at least 999 are required for processing.
"Error in '136_Dot_Probe_Block1': The node 'Diff_P78_AN' is skipped, because the node is only based on 63 Segments, "
at least 999 are required for processing.
"Error in '137_Dot_Probe_Block1': The node 'Diff_P78_NA' is skipped, because the node is only based on 57 Segments, "
at least 999 are required for processing.
"Error in '137_Dot_Probe_Block1': The node 'Diff_P78_AN' is skipped, because the node is only based on 64 Segments, "
at least 999 are required for processing.
"Error in '138_Dot_Probe_Block1': The node 'Diff_P78_NA' is skipped, because the node is only based on 24 Segments, "
at least 999 are required for processing.
"Error in '138_Dot_Probe_Block1': The node 'Diff_P78_AN' is skipped, because the node is only based on 27 Segments, "
at least 999 are required for processing.
"Error in '139_Dot_Probe_Block1': The node 'Diff_P78_NA' is skipped, because the node is only based on 23 Segments, "
at least 999 are required for processing.
"Error in '139_Dot_Probe_Block1': The node 'Diff_P78_AN' is skipped, because the node is only based on 24 Segments, "
at least 999 are required for processing.
"Error in '140_Dot_Probe_Block1': The node 'Diff_P78_NA' is skipped, because the node is only based on 38 Segments, "
at least 999 are required for processing.
"Error in '140_Dot_Probe_Block1': The node 'Diff_P78_AN' is skipped, because the node is only based on 32 Segments, "
at least 999 are required for processing.
"Error in '141_Dot_Probe_Block1': The node 'Diff_P78_NA' is skipped, because the node is only based on 63 Segments, "
at least 999 are required for processing.
"Error in '141_Dot_Probe_Block1': The node 'Diff_P78_AN' is skipped, because the node is only based on 59 Segments, "
at least 999 are required for processing.
"Error in '142_Dot_Probe_Block1': The node 'Diff_P78_NA' is skipped, because the node is only based on 51 Segments, "
at least 999 are required for processing.
"Error in '142_Dot_Probe_Block1': The node 'Diff_P78_AN' is skipped, because the node is only based on 46 Segments, "
at least 999 are required for processing.
"Error in '143_Dot_Probe_Block1': The node 'Diff_P78_NA' is skipped, because the node is only based on 45 Segments, "
at least 999 are required for processing.
"Error in '143_Dot_Probe_Block1': The node 'Diff_P78_AN' is skipped, because the node is only based on 50 Segments, "
at least 999 are required for processing.
"Error in '144_Dot_Probe_Block1': The node 'Diff_P78_NA' is skipped, because the node is only based on 43 Segments, "
at least 999 are required for processing.
"Error in '144_Dot_Probe_Block1': The node 'Diff_P78_AN' is skipped, because the node is only based on 44 Segments, "
at least 999 are required for processing.
"Error in '145_Dot_Probe_Block1': The node 'Diff_P78_NA' is skipped, because the node is only based on 80 Segments, "
at least 999 are required for processing.
"Error in '145_Dot_Probe_Block1': The node 'Diff_P78_AN' is skipped, because the node is only based on 76 Segments, "
at least 999 are required for processing.
E R R O R in '147_Dot_Probe_Block1': data set 'Diff_P78_NA' not found.
E R R O R in '147_Dot_Probe_Block1': data set 'Diff_P78_AN' not found.
E R R O R in '149_Dot_2_Probe_Block1': data set 'Diff_P78_NA' not found.
E R R O R in '149_Dot_2_Probe_Block1': data set 'Diff_P78_AN' not found.
E R R O R in '149_Dot_Probe_Block1': data set 'Diff_P78_NA' not found.
E R R O R in '149_Dot_Probe_Block1': data set 'Diff_P78_AN' not found.
"Error in '150_Dot_Probe_Block1': The node 'Diff_P78_NA' is skipped, because the node is only based on 67 Segments, "
at least 999 are required for processing.
"Error in '150_Dot_Probe_Block1': The node 'Diff_P78_AN' is skipped, because the node is only based on 73 Segments, "
at least 999 are required for processing.
"Error in '152_Dot_Probe_Block1': The node 'Diff_P78_NA' is skipped, because the node is only based on 71 Segments, "
at least 999 are required for processing.
"Error in '152_Dot_Probe_Block1': The node 'Diff_P78_AN' is skipped, because the node is only based on 76 Segments, "
at least 999 are required for processing.
E R R O R in '153_Dot_Probe_Block1': data set 'Diff_P78_NA' not found.
E R R O R in '153_Dot_Probe_Block1': data set 'Diff_P78_AN' not found.
"Error in '153_Dot_Probe_Block1_2': The node 'Diff_P78_NA' is skipped, because the node is only based on 58 Segments, "
at least 999 are required for processing.
"Error in '153_Dot_Probe_Block1_2': The node 'Diff_P78_AN' is skipped, because the node is only based on 78 Segments, "
at least 999 are required for processing.
"Error in '155_Dot_Probe_Block1': The node 'Diff_P78_NA' is skipped, because the node is only based on 48 Segments, "
at least 999 are required for processing.
"Error in '155_Dot_Probe_Block1': The node 'Diff_P78_AN' is skipped, because the node is only based on 55 Segments, "
at least 999 are required for processing.
"Error in '156_Dot_Probe_Block1': The node 'Diff_P78_NA' is skipped, because the node is only based on 41 Segments, "
at least 999 are required for processing.
"Error in '156_Dot_Probe_Block1': The node 'Diff_P78_AN' is skipped, because the node is only based on 52 Segments, "
at least 999 are required for processing.
"Error in '158_Dot_Probe_Block1': The node 'Diff_P78_NA' is skipped, because the node is only based on 41 Segments, "
at least 999 are required for processing.
"Error in '158_Dot_Probe_Block1': The node 'Diff_P78_AN' is skipped, because the node is only based on 47 Segments, "
at least 999 are required for processing.
"Error in '159_Dot_Probe_Block1': The node 'Diff_P78_NA' is skipped, because the node is only based on 5 Segments, "
at least 999 are required for processing.
"Error in '159_Dot_Probe_Block1': The node 'Diff_P78_AN' is skipped, because the node is only based on 5 Segments, "
at least 999 are required for processing.
E R R O R in '160_Dot_Probe_Block1': data set 'Diff_P78_NA' not found.
E R R O R in '160_Dot_Probe_Block1': data set 'Diff_P78_AN' not found.
"Error in '164_REW_EEG_Task': The node 'Diff_P78_NA' is skipped, because the node is only based on 54 Segments, "
at least 999 are required for processing.
"Error in '164_REW_EEG_Task': The node 'Diff_P78_AN' is skipped, because the node is only based on 63 Segments, "
at least 999 are required for processing.
"Error in '165_Dot_Probe_Block1': The node 'Diff_P78_NA' is skipped, because the node is only based on 67 Segments, "
at least 999 are required for processing.
"Error in '165_Dot_Probe_Block1': The node 'Diff_P78_AN' is skipped, because the node is only based on 70 Segments, "
at least 999 are required for processing.
E R R O R in '166_Dot_Probe_Block1': data set 'Diff_P78_NA' not found.
E R R O R in '166_Dot_Probe_Block1': data set 'Diff_P78_AN' not found.
"Error in '169_Dot_Probe_Block1': The node 'Diff_P78_NA' is skipped, because the node is only based on 30 Segments, "
at least 999 are required for processing.
"Error in '169_Dot_Probe_Block1': The node 'Diff_P78_AN' is skipped, because the node is only based on 30 Segments, "
at least 999 are required for processing.
"Error in '172_Dot_Probe_Block1': The node 'Diff_P78_NA' is skipped, because the node is only based on 55 Segments, "
at least 999 are required for processing.
"Error in '172_Dot_Probe_Block1': The node 'Diff_P78_AN' is skipped, because the node is only based on 51 Segments, "
at least 999 are required for processing.
"Error in '174_Dot_Probe_Block1': The node 'Diff_P78_NA' is skipped, because the node is only based on 79 Segments, "
at least 999 are required for processing.
"Error in '174_Dot_Probe_Block1': The node 'Diff_P78_AN' is skipped, because the node is only based on 78 Segments, "
at least 999 are required for processing.
E R R O R in '176_Dot_Probe_Block1': data set 'Diff_P78_NA' not found.
E R R O R in '176_Dot_Probe_Block1': data set 'Diff_P78_AN' not found.
E R R O R in '179_Dot_Probe_Block1': data set 'Diff_P78_NA' not found.
E R R O R in '179_Dot_Probe_Block1': data set 'Diff_P78_AN' not found.
E R R O R in '182_Dot_Probe_Block1': data set 'Diff_P78_NA' not found.
E R R O R in '182_Dot_Probe_Block1': data set 'Diff_P78_AN' not found.
E R R O R in '184_Dot_Probe_Block1': data set 'Diff_P78_NA' not found.
E R R O R in '184_Dot_Probe_Block1': data set 'Diff_P78_AN' not found.
E R R O R in '185_Dot_Probe_Block1': data set 'Diff_P78_NA' not found.
E R R O R in '185_Dot_Probe_Block1': data set 'Diff_P78_AN' not found.
E R R O R in '187_Dot_Probe_Block1': data set 'Diff_P78_NA' not found.
E R R O R in '187_Dot_Probe_Block1': data set 'Diff_P78_AN' not found.
E R R O R in '188_Dot_Probe_Block1': data set 'Diff_P78_NA' not found.
E R R O R in '188_Dot_Probe_Block1': data set 'Diff_P78_AN' not found.
E R R O R in '190_Dot_Probe_Block1': data set 'Diff_P78_NA' not found.
E R R O R in '190_Dot_Probe_Block1': data set 'Diff_P78_AN' not found.
E R R O R in '191_Dot_Probe_Block1': data set 'Diff_P78_NA' not found.
E R R O R in '191_Dot_Probe_Block1': data set 'Diff_P78_AN' not found.
E R R O R in '194_Dot_Probe_Block1': data set 'Diff_P78_NA' not found.
E R R O R in '194_Dot_Probe_Block1': data set 'Diff_P78_AN' not found.
E R R O R in '195_Dot_Probe_Block1': data set 'Diff_P78_NA' not found.
E R R O R in '195_Dot_Probe_Block1': data set 'Diff_P78_AN' not found.
"Error in '198_Dot_Probe_Block1': The node 'Diff_P78_NA' is skipped, because the node is only based on 53 Segments, "
at least 999 are required for processing.
"Error in '198_Dot_Probe_Block1': The node 'Diff_P78_AN' is skipped, because the node is only based on 60 Segments, "
at least 999 are required for processing.
"Error in '199_Dot_Probe_Block1': The node 'Diff_P78_NA' is skipped, because the node is only based on 44 Segments, "
at least 999 are required for processing.
"Error in '199_Dot_Probe_Block1': The node 'Diff_P78_AN' is skipped, because the node is only based on 44 Segments, "
at least 999 are required for processing.
E R R O R in '200_Dot_Probe_Block1': data set 'Diff_P78_NA' not found.
E R R O R in '200_Dot_Probe_Block1': data set 'Diff_P78_AN' not found.
E R R O R in '202_Dot_Probe_Block1': data set 'Diff_P78_NA' not found.
E R R O R in '202_Dot_Probe_Block1': data set 'Diff_P78_AN' not found.
E R R O R in '203_Dot_Probe_Block1': data set 'Diff_P78_NA' not found.
E R R O R in '203_Dot_Probe_Block1': data set 'Diff_P78_AN' not found.
E R R O R in '205_Dot_Probe_Block1': data set 'Diff_P78_NA' not found.
E R R O R in '205_Dot_Probe_Block1': data set 'Diff_P78_AN' not found.
E R R O R in '207_Dot_Probe_Block1': data set 'Diff_P78_NA' not found.
E R R O R in '207_Dot_Probe_Block1': data set 'Diff_P78_AN' not found.
E R R O R in '208_Dot_Probe_Block1': data set 'Diff_P78_NA' not found.
E R R O R in '208_Dot_Probe_Block1': data set 'Diff_P78_AN' not found.
E R R O R in '210_Dot_Probe_Block1': data set 'Diff_P78_NA' not found.
E R R O R in '210_Dot_Probe_Block1': data set 'Diff_P78_AN' not found.
E R R O R in '211_Dot_Probe_Block1': data set 'Diff_P78_NA' not found.
E R R O R in '211_Dot_Probe_Block1': data set 'Diff_P78_AN' not found.
"Error in '213_Dot_Probe_Block1': The node 'Diff_P78_NA' is skipped, because the node is only based on 32 Segments, "
at least 999 are required for processing.
"Error in '213_Dot_Probe_Block1': The node 'Diff_P78_AN' is skipped, because the node is only based on 34 Segments, "
at least 999 are required for processing.
"Error in '214_Dot_Probe_Block1': The node 'Diff_P78_NA' is skipped, because the node is only based on 68 Segments, "
at least 999 are required for processing.
"Error in '214_Dot_Probe_Block1': The node 'Diff_P78_AN' is skipped, because the node is only based on 64 Segments, "
at least 999 are required for processing.
"Error in '215_Dot_Probe_Block1': The node 'Diff_P78_NA' is skipped, because the node is only based on 65 Segments, "
at least 999 are required for processing.
"Error in '215_Dot_Probe_Block1': The node 'Diff_P78_AN' is skipped, because the node is only based on 71 Segments, "
at least 999 are required for processing.
"Error in '217_Dot_Probe_Block1': The node 'Diff_P78_NA' is skipped, because the node is only based on 69 Segments, "
at least 999 are required for processing.
"Error in '217_Dot_Probe_Block1': The node 'Diff_P78_AN' is skipped, because the node is only based on 75 Segments, "
at least 999 are required for processing.
"Error in '218_Dot_Probe_Block1': The node 'Diff_P78_NA' is skipped, because the node is only based on 77 Segments, "
at least 999 are required for processing.
"Error in '218_Dot_Probe_Block1': The node 'Diff_P78_AN' is skipped, because the node is only based on 75 Segments, "
at least 999 are required for processing.
"Error in '219_Dot_Probe_Block1': The node 'Diff_P78_NA' is skipped, because the node is only based on 1 Segments, "
at least 999 are required for processing.
E R R O R in '219_Dot_Probe_Block1': data set 'Diff_P78_AN' not found.
"Error in '221_Dot_Probe_Block1': The node 'Diff_P78_NA' is skipped, because the node is only based on 78 Segments, "
at least 999 are required for processing.
"Error in '221_Dot_Probe_Block1': The node 'Diff_P78_AN' is skipped, because the node is only based on 75 Segments, "
at least 999 are required for processing.
"Error in '222_Dot_Probe_Block1': The node 'Diff_P78_NA' is skipped, because the node is only based on 15 Segments, "
at least 999 are required for processing.
"Error in '222_Dot_Probe_Block1': The node 'Diff_P78_AN' is skipped, because the node is only based on 21 Segments, "
at least 999 are required for processing.
"Error in '223_Dot_Probe_Block1': The node 'Diff_P78_NA' is skipped, because the node is only based on 78 Segments, "
at least 999 are required for processing.
"Error in '223_Dot_Probe_Block1': The node 'Diff_P78_AN' is skipped, because the node is only based on 79 Segments, "
at least 999 are required for processing.
"Error in '224_Dot_Probe_Block1': The node 'Diff_P78_NA' is skipped, because the node is only based on 75 Segments, "
at least 999 are required for processing.
"Error in '224_Dot_Probe_Block1': The node 'Diff_P78_AN' is skipped, because the node is only based on 75 Segments, "
at least 999 are required for processing.
"Error in '225_Dot_Probe_Block1': The node 'Diff_P78_NA' is skipped, because the node is only based on 67 Segments, "
at least 999 are required for processing.
"Error in '225_Dot_Probe_Block1': The node 'Diff_P78_AN' is skipped, because the node is only based on 67 Segments, "
at least 999 are required for processing.
"Error in '226_Dot_Probe_Block1': The node 'Diff_P78_NA' is skipped, because the node is only based on 67 Segments, "
at least 999 are required for processing.
"Error in '226_Dot_Probe_Block1': The node 'Diff_P78_AN' is skipped, because the node is only based on 58 Segments, "
at least 999 are required for processing.
"Error in '227_Dot_Probe_Block1': The node 'Diff_P78_NA' is skipped, because the node is only based on 68 Segments, "
at least 999 are required for processing.
"Error in '227_Dot_Probe_Block1': The node 'Diff_P78_AN' is skipped, because the node is only based on 67 Segments, "
at least 999 are required for processing.
"Error in '228_Dot_Probe_Block1': The node 'Diff_P78_NA' is skipped, because the node is only based on 40 Segments, "
at least 999 are required for processing.
"Error in '228_Dot_Probe_Block1': The node 'Diff_P78_AN' is skipped, because the node is only based on 43 Segments, "
at least 999 are required for processing.
"Error in '229_Dot_Probe_Block1': The node 'Diff_P78_NA' is skipped, because the node is only based on 79 Segments, "
at least 999 are required for processing.
"Error in '229_Dot_Probe_Block1': The node 'Diff_P78_AN' is skipped, because the node is only based on 77 Segments, "
at least 999 are required for processing.
"Error in '230_Dot_Probe_Block1': The node 'Diff_P78_NA' is skipped, because the node is only based on 37 Segments, "
at least 999 are required for processing.
"Error in '230_Dot_Probe_Block1': The node 'Diff_P78_AN' is skipped, because the node is only based on 34 Segments, "
at least 999 are required for processing.
"Error in '231_Dot_Probe_Block1': The node 'Diff_P78_NA' is skipped, because the node is only based on 59 Segments, "
at least 999 are required for processing.
"Error in '231_Dot_Probe_Block1': The node 'Diff_P78_AN' is skipped, because the node is only based on 60 Segments, "
at least 999 are required for processing.
"Error in '233_Dot_Probe_Block1': The node 'Diff_P78_NA' is skipped, because the node is only based on 79 Segments, "
at least 999 are required for processing.
"Error in '233_Dot_Probe_Block1': The node 'Diff_P78_AN' is skipped, because the node is only based on 76 Segments, "
at least 999 are required for processing.
"Error in '234_Dot_Probe_Block1': The node 'Diff_P78_NA' is skipped, because the node is only based on 64 Segments, "
at least 999 are required for processing.
"Error in '234_Dot_Probe_Block1': The node 'Diff_P78_AN' is skipped, because the node is only based on 67 Segments, "
at least 999 are required for processing.
"Error in '235_Dot_Probe_Block1': The node 'Diff_P78_NA' is skipped, because the node is only based on 22 Segments, "
at least 999 are required for processing.
"Error in '235_Dot_Probe_Block1': The node 'Diff_P78_AN' is skipped, because the node is only based on 22 Segments, "
at least 999 are required for processing.
"Error in '237_Dot_Probe_Block1': The node 'Diff_P78_NA' is skipped, because the node is only based on 66 Segments, "
at least 999 are required for processing.
"Error in '237_Dot_Probe_Block1': The node 'Diff_P78_AN' is skipped, because the node is only based on 68 Segments, "
at least 999 are required for processing.
"Error in '239_Dot_Probe_Block1': The node 'Diff_P78_NA' is skipped, because the node is only based on 69 Segments, "
at least 999 are required for processing.
"Error in '239_Dot_Probe_Block1': The node 'Diff_P78_AN' is skipped, because the node is only based on 66 Segments, "
at least 999 are required for processing.
"Error in '240_Dot_Probe_Block1': The node 'Diff_P78_NA' is skipped, because the node is only based on 64 Segments, "
at least 999 are required for processing.
"Error in '240_Dot_Probe_Block1': The node 'Diff_P78_AN' is skipped, because the node is only based on 65 Segments, "
at least 999 are required for processing.
"Error in '241_Dot_Probe_Block1': The node 'Diff_P78_NA' is skipped, because the node is only based on 76 Segments, "
at least 999 are required for processing.
"Error in '241_Dot_Probe_Block1': The node 'Diff_P78_AN' is skipped, because the node is only based on 78 Segments, "
at least 999 are required for processing.
"Error in '242_Dot_Probe_Block1': The node 'Diff_P78_NA' is skipped, because the node is only based on 49 Segments, "
at least 999 are required for processing.
"Error in '242_Dot_Probe_Block1': The node 'Diff_P78_AN' is skipped, because the node is only based on 51 Segments, "
at least 999 are required for processing.
"Error in '243_Dot_Probe_Block1': The node 'Diff_P78_NA' is skipped, because the node is only based on 51 Segments, "
at least 999 are required for processing.
"Error in '243_Dot_Probe_Block1': The node 'Diff_P78_AN' is skipped, because the node is only based on 51 Segments, "
at least 999 are required for processing.
"Error in '244_Dot_Probe_Block1': The node 'Diff_P78_NA' is skipped, because the node is only based on 28 Segments, "
at least 999 are required for processing.
"Error in '244_Dot_Probe_Block1': The node 'Diff_P78_AN' is skipped, because the node is only based on 37 Segments, "
at least 999 are required for processing.
"Error in '245_Dot_Probe_Block1': The node 'Diff_P78_NA' is skipped, because the node is only based on 75 Segments, "
at least 999 are required for processing.
"Error in '245_Dot_Probe_Block1': The node 'Diff_P78_AN' is skipped, because the node is only based on 72 Segments, "
at least 999 are required for processing.
"Error in '247_Dot_Probe_Block1': The node 'Diff_P78_NA' is skipped, because the node is only based on 62 Segments, "
at least 999 are required for processing.
"Error in '247_Dot_Probe_Block1': The node 'Diff_P78_AN' is skipped, because the node is only based on 66 Segments, "
at least 999 are required for processing.
"Error in '248_Dot_Probe_Block1': The node 'Diff_P78_NA' is skipped, because the node is only based on 60 Segments, "
at least 999 are required for processing.
"Error in '248_Dot_Probe_Block1': The node 'Diff_P78_AN' is skipped, because the node is only based on 57 Segments, "
at least 999 are required for processing.
"Error in '249_Dot_Probe_Block1': The node 'Diff_P78_NA' is skipped, because the node is only based on 35 Segments, "
at least 999 are required for processing.
"Error in '249_Dot_Probe_Block1': The node 'Diff_P78_AN' is skipped, because the node is only based on 43 Segments, "
at least 999 are required for processing.
"Error in '251_Dot_Probe_Block1': The node 'Diff_P78_NA' is skipped, because the node is only based on 79 Segments, "
at least 999 are required for processing.
"Error in '251_Dot_Probe_Block1': The node 'Diff_P78_AN' is skipped, because the node is only based on 78 Segments, "
at least 999 are required for processing.
"Error in '252_Dot_Probe_Block1': The node 'Diff_P78_NA' is skipped, because the node is only based on 74 Segments, "
at least 999 are required for processing.
"Error in '252_Dot_Probe_Block1': The node 'Diff_P78_AN' is skipped, because the node is only based on 67 Segments, "
at least 999 are required for processing.
"Error in '255_Dot_Probe_Block1': The node 'Diff_P78_NA' is skipped, because the node is only based on 66 Segments, "
at least 999 are required for processing.
"Error in '255_Dot_Probe_Block1': The node 'Diff_P78_AN' is skipped, because the node is only based on 64 Segments, "
at least 999 are required for processing.
"Error in '256_Dot_Probe_Block1': The node 'Diff_P78_NA' is skipped, because the node is only based on 77 Segments, "
at least 999 are required for processing.
"Error in '256_Dot_Probe_Block1': The node 'Diff_P78_AN' is skipped, because the node is only based on 78 Segments, "
at least 999 are required for processing.
"Error in '257_Dot_Probe_Block1': The node 'Diff_P78_NA' is skipped, because the node is only based on 2 Segments, "
at least 999 are required for processing.
"Error in '257_Dot_Probe_Block1': The node 'Diff_P78_AN' is skipped, because the node is only based on 2 Segments, "
at least 999 are required for processing.
"Error in '263_Dot_Probe_Block1': The node 'Diff_P78_NA' is skipped, because the node is only based on 31 Segments, "
at least 999 are required for processing.
"Error in '263_Dot_Probe_Block1': The node 'Diff_P78_AN' is skipped, because the node is only based on 26 Segments, "
at least 999 are required for processing.
"Error in '264_Dot_Probe_Block1': The node 'Diff_P78_NA' is skipped, because the node is only based on 56 Segments, "
at least 999 are required for processing.
"Error in '264_Dot_Probe_Block1': The node 'Diff_P78_AN' is skipped, because the node is only based on 57 Segments, "
at least 999 are required for processing.
"Error in '266_Dot_Probe_Block1': The node 'Diff_P78_NA' is skipped, because the node is only based on 61 Segments, "
at least 999 are required for processing.
"Error in '266_Dot_Probe_Block1': The node 'Diff_P78_AN' is skipped, because the node is only based on 56 Segments, "
at least 999 are required for processing.
"Error in '267_Dot_Probe_Block1': The node 'Diff_P78_NA' is skipped, because the node is only based on 72 Segments, "
at least 999 are required for processing.
"Error in '267_Dot_Probe_Block1': The node 'Diff_P78_AN' is skipped, because the node is only based on 75 Segments, "
at least 999 are required for processing.
"Error in '269_Dot_Probe_Block1': The node 'Diff_P78_NA' is skipped, because the node is only based on 69 Segments, "
at least 999 are required for processing.
"Error in '269_Dot_Probe_Block1': The node 'Diff_P78_AN' is skipped, because the node is only based on 73 Segments, "
at least 999 are required for processing.
"Error in '271_Dot_Probe_Block1': The node 'Diff_P78_NA' is skipped, because the node is only based on 55 Segments, "
at least 999 are required for processing.
"Error in '271_Dot_Probe_Block1': The node 'Diff_P78_AN' is skipped, because the node is only based on 50 Segments, "
at least 999 are required for processing.
"Error in '272_Dot_Probe_Block1': The node 'Diff_P78_NA' is skipped, because the node is only based on 79 Segments, "
at least 999 are required for processing.
"Error in '272_Dot_Probe_Block1': The node 'Diff_P78_AN' is skipped, because the node is only based on 79 Segments, "
at least 999 are required for processing.
"Error in '280_Dot_Probe_Block1': The node 'Diff_P78_NA' is skipped, because the node is only based on 64 Segments, "
at least 999 are required for processing.
"Error in '280_Dot_Probe_Block1': The node 'Diff_P78_AN' is skipped, because the node is only based on 67 Segments, "
at least 999 are required for processing.
"Error in '281_Dot_Probe_Block1': The node 'Diff_P78_NA' is skipped, because the node is only based on 75 Segments, "
at least 999 are required for processing.
"Error in '281_Dot_Probe_Block1': The node 'Diff_P78_AN' is skipped, because the node is only based on 78 Segments, "
at least 999 are required for processing.
"Error in '284_Dot_Probe_Block1': The node 'Diff_P78_NA' is skipped, because the node is only based on 74 Segments, "
at least 999 are required for processing.
"Error in '284_Dot_Probe_Block1': The node 'Diff_P78_AN' is skipped, because the node is only based on 74 Segments, "
at least 999 are required for processing.
"Error in '285_Dot_Probe_Block1': The node 'Diff_P78_NA' is skipped, because the node is only based on 71 Segments, "
at least 999 are required for processing.
"Error in '285_Dot_Probe_Block1': The node 'Diff_P78_AN' is skipped, because the node is only based on 76 Segments, "
at least 999 are required for processing.
"Error in '290_Dot_Probe_Block1': The node 'Diff_P78_NA' is skipped, because the node is only based on 79 Segments, "
at least 999 are required for processing.
"Error in '290_Dot_Probe_Block1': The node 'Diff_P78_AN' is skipped, because the node is only based on 79 Segments, "
at least 999 are required for processing.
E R R O R in '291_Dot_Probe_Block1': data set 'Diff_P78_NA' not found.
E R R O R in '291_Dot_Probe_Block1': data set 'Diff_P78_AN' not found.
"Error in '292_Dot_Probe_Block1': The node 'Diff_P78_NA' is skipped, because the node is only based on 71 Segments, "
at least 999 are required for processing.
"Error in '292_Dot_Probe_Block1': The node 'Diff_P78_AN' is skipped, because the node is only based on 70 Segments, "
at least 999 are required for processing.
"Error in '293_Dot_Probe_Block1': The node 'Diff_P78_NA' is skipped, because the node is only based on 19 Segments, "
at least 999 are required for processing.
"Error in '293_Dot_Probe_Block1': The node 'Diff_P78_AN' is skipped, because the node is only based on 19 Segments, "
at least 999 are required for processing.
E R R O R in '294_Dot_Probe_Block1': data set 'Diff_P78_NA' not found.
E R R O R in '294_Dot_Probe_Block1': data set 'Diff_P78_AN' not found.
"Error in '295_Dot_Probe_Block1': The node 'Diff_P78_NA' is skipped, because the node is only based on 40 Segments, "
at least 999 are required for processing.
"Error in '295_Dot_Probe_Block1': The node 'Diff_P78_AN' is skipped, because the node is only based on 36 Segments, "
at least 999 are required for processing.
"Error in '296_Dot_Probe_Block1': The node 'Diff_P78_NA' is skipped, because the node is only based on 76 Segments, "
at least 999 are required for processing.
"Error in '296_Dot_Probe_Block1': The node 'Diff_P78_AN' is skipped, because the node is only based on 77 Segments, "
at least 999 are required for processing.
"Error in '297_Dot_Probe_Block1': The node 'Diff_P78_NA' is skipped, because the node is only based on 60 Segments, "
at least 999 are required for processing.
"Error in '297_Dot_Probe_Block1': The node 'Diff_P78_AN' is skipped, because the node is only based on 59 Segments, "
at least 999 are required for processing.
"Error in '298_Dot_Probe_Block1': The node 'Diff_P78_NA' is skipped, because the node is only based on 78 Segments, "
at least 999 are required for processing.
"Error in '298_Dot_Probe_Block1': The node 'Diff_P78_AN' is skipped, because the node is only based on 80 Segments, "
at least 999 are required for processing.
"Error in '304_Dot_Probe_Block1': The node 'Diff_P78_NA' is skipped, because the node is only based on 50 Segments, "
at least 999 are required for processing.
"Error in '304_Dot_Probe_Block1': The node 'Diff_P78_AN' is skipped, because the node is only based on 57 Segments, "
at least 999 are required for processing.
"Error in '305_Dot_Probe_Block1': The node 'Diff_P78_NA' is skipped, because the node is only based on 65 Segments, "
at least 999 are required for processing.
"Error in '305_Dot_Probe_Block1': The node 'Diff_P78_AN' is skipped, because the node is only based on 72 Segments, "
at least 999 are required for processing.
"Error in '310_Dot_Probe_Task_Block1': The node 'Diff_P78_NA' is skipped, because the node is only based on 63 Segments, "
at least 999 are required for processing.
"Error in '310_Dot_Probe_Task_Block1': The node 'Diff_P78_AN' is skipped, because the node is only based on 67 Segments, "
at least 999 are required for processing.
E R R O R in '312_Dot_Probe_Block1': data set 'Diff_P78_NA' not found.
E R R O R in '312_Dot_Probe_Block1': data set 'Diff_P78_AN' not found.
"Error in '67_Dot_Probe_Block1': The node 'Diff_P78_NA' is skipped, because the node is only based on 10 Segments, "
at least 999 are required for processing.
"Error in '67_Dot_Probe_Block1': The node 'Diff_P78_AN' is skipped, because the node is only based on 5 Segments, "
at least 999 are required for processing.
"Error in '70_Dot_Probe_Block1': The node 'Diff_P78_NA' is skipped, because the node is only based on 76 Segments, "
at least 999 are required for processing.
"Error in '70_Dot_Probe_Block1': The node 'Diff_P78_AN' is skipped, because the node is only based on 73 Segments, "
at least 999 are required for processing.
"Error in '71_Dot_Probe_Block1': The node 'Diff_P78_NA' is skipped, because the node is only based on 61 Segments, "
at least 999 are required for processing.
"Error in '71_Dot_Probe_Block1': The node 'Diff_P78_AN' is skipped, because the node is only based on 64 Segments, "
at least 999 are required for processing.
"Error in '73_Dot_Probe_Block1': The node 'Diff_P78_NA' is skipped, because the node is only based on 61 Segments, "
at least 999 are required for processing.
"Error in '73_Dot_Probe_Block1': The node 'Diff_P78_AN' is skipped, because the node is only based on 55 Segments, "
at least 999 are required for processing.
