Partcipant_No;Code_PreSurvey
1;1tgrs948
2;xo7qinyt
3;198s8ebk
4;us6spsya
5;3eqimxfj
6;ggl5qog8
7;o4vn52q3
8;6plu6ynz
9;8sskcgdq
10;a7wabhpe
11;azm2ppbb
12;dui458rh
13;hs1mqw7f
14;zup5ngwv
15;l399eiav
16;do5tmhp8
17;eq4by9je
18;x6v6g1mo
19;f3vz3c8r
20;1z4fqv74
21;6uu4b5ob
22;1ffviloo
23;nvfgdl1i
24;zy33kksl
25;43tjxipn
26;s919isb1
27;v597oash
28;hld11tl4
29;t86mtmv2
30;1e3aoz2m
31;16iehmk7
32;buf4fr9m
33;bhnli7x8
34;p7av3i71
35;3u2lhku4
36;ko5v9h3x
37;iqnu3d34
38;mpuyz1np
39;8u4jvu8d
40;rsd65p2f
41;vjp4gkql
42;29fiyn99
43;w5ow9t7z
44;qw6gn9ox
45;69wdbvt8
46;1xsj8sby
47;sc6lidkh
48;wcjj5p1v
49;2d94bqlw
50;iuvupbro
51;dqpt3y5b
52;hq82plcz
53;rgof1m7a
54;4vswzd5a
55;kg7cuww5
56;b3syhty8
57;pccw2ym8
58;s8ch262k
59;f42jhl43
60;tuky2ppq
61;jx661jye
62;egfuc3z7
63;rw6sj9bl
64;9mke7el6
65;rvuybsb3
66;l4iu7bba
67;xud2vcce
68;2diid5yz
69;wslxefa8
70;8eqwk1to
71;j16zo7is
72;8ji7ckuh
73;w2rw2ivd
74;s47rjw7r
75;9gdknoky
76;dokkdujf
77;ajt5b6e4
78;37eroguv
79;hs9ryobk
80;3mcrmzs3
81;3ge3wa6s
82;tv14nczl
83;4n3ge5by
84;zpn9npfl
85;k6ikoyf5
86;cqb1yhxt
87;4t6omri7
88;qipyog4u
89;nhhspzc4
90;xe5gvtfa
91;21obugzs
92;i716cgzy
93;2rov4xsk
94;ynt64673
95;aadjaols
96;7kl5ler4
97;nyvpq8cj
98;pu5qp1q5
99;qrricc6i
100;5y57en9w
101;6qaviszv
102;upipav8d
103;b6ia3e5d
104;muuxwpe1
105;iw5c9b44
106;bt8l3v22
107;bjwr91tk
108;i6p3d5a6
109;6segy4b1
110;8mwmh2zj
111;uodarjlk
112;fnyhxppg
113;gvjt8zx8
114;2v8cj92q
115;xonhnbql
116;9t4oq39s
117;7zt838wn
118;q6afqtcx
119;6dpj9vie
120;t344ht5e
121;36e6wdjt8
122;8f88q3eo7
123;28wb47x11
124;nwfybjbd3
125;yl8bpn12g
126;rpwy1jxwf
127;er8luh1ir
128;y68tefj4i
129;3i7mgivqm
130;4ut7k11nt
131;cbs27etqa
132;lf2ksfvjw
133;y1pci6f3s
134;9cpd8a235
135;cnj3p6gjf
136;e5utf4vmr
137;ociegiob6
138;8rrl6md2n
139;iode78uci
140;m3abfwzwp
141;tk1gygmv2
142;c72rppkrr
143;32wn3sm75
144;tvuhkqi4g
145;hfhpk7pg6
146;9pdjoujvy
147;heklorcj3
148;b7zruiq8t
149;sirvxnm9b
150;562djlxez
151;dwr2z66ly
152;gb1rq6vv5
153;3ugi6brf9
154;yrqcxbcsd
155;33zfxs9w3
156;pp3cegn43
157;cnsowvkpa
158;9fdngrl87
159;bzjot7o9k
160;yxsyxge9f
161;bt5xgmq9f
162;4wngoqeuh
163;nuikvj39z
164;mud653jua
165;okfgoduqy
166;ywbclswo3
167;z8sldv2od
168;jfjpsq5s8
169;w8ixkxyci
170;hx4m2xavn
171;7aqoq1l2q
172;bgzqflvgz
173;i7j1gkdux
174;towwxw8hy
175;ievpqx1mx
176;o44ivus5j
177;le7wqwtwt
178;zs9hddcop
179;m1v279gey
180;dss5qnxzs
181;mfujb1ipy
182;mznxypalo
183;jg3p6n1n3
184;1nh28lxp4
185;1f59s5ufg
186;o132lsdde
187;xrgrfb4t7
188;yu359a5v9
189;sq3hr6u4z
190;uixcvxz69
191;1u7uae5q4
192;htwbvmbrg
193;ehfgbwjsy
194;rsper45jh
195;twoh8cdef
196;vub7zzc57
197;952rgneb7
198;kklqwa4t4
199;mpbgxl6e9
200;sy9koq13d
201;gmbslgh6x
202;q6d1ztguk
203;eh6cibpa6
204;gdkpd9lkc
205;kbr1wdc26
206;sd3lk1abx
207;vszy2kytn
208;c2lvzdetq
209;62zbcd28x
210;ezdewlw1u
211;ziz85dmmx
212;u2mhd2hnt
213;iwqf2dkis
214;dodd2kv8p
215;y1pwd7gj2
216;r1njbxppv
217;cl2yeedao
218;wzsdweede
219;fgllhi6yt
220;ghc6ytkfv
221;9fjncxo9o
222;vfnf15mxk
223;s4ulkpomt
224;zopeaklw8
225;7qi11z1dx
226;qhd3gfx6s
227;yf8sxb31e
228;sltnogia7
229;w7f72upj1
230;ic1xzwon3
231;l324rw8pc
232;5wm9hwvne
233;aogzm4ztg
234;8j7hndwgb
235;zmxnva631
236;3nvusjiph
237;39bsd39c7
238;ax2s56veh
239;gbdv7mo98
240;x91lxikxs
